ME,RMSE,MAE,MPE,MAPE
2.4420687466896194,2.726276070293635,2.4420687466896194,32.79626191673359,32.79626191673359
