ME,RMSE,MAE,MPE,MAPE
0.03677412012319529,1.417488206905659,1.0996144675174095,-2.393705461320972,16.216250256297588
