Model,ME,RMSE,MAE,MPE,MAPE
STLETS,3.2515141612341645,3.539727168180225,3.2515141612341645,44.4799473320796,44.4799473320796
STLETS_BC_Auto,1.925038775986308,2.315529620958352,2.0001208155862367,25.064640735559898,26.633633079889606
STLETS_BC,4.041071303905317,4.3118078078384245,4.041071303905317,55.962268918710784,55.962268918710784
