ME,RMSE,MAE,MPE,MAPE
-0.3111264719872067,1.695270336215625,1.3172534956621111,-7.601306115791611,19.79232612603197
