Model,ME,RMSE,MAE,MPE,MAPE
STLARIMA,3.4962618698006347,3.7695165576621026,3.4962618698006347,48.05181305987509,48.05181305987509
STLARIMA_BC_Auto,2.2774995517899654,2.6134078601546,2.307369374952405,30.210300787297793,30.866180859556234
STLARIMA_BC,4.376497530484824,4.619586751155745,4.376497530484824,60.85730067849156,60.85730067849156
