ME,RMSE,MAE,MPE,MAPE
0.14551447538943618,1.3038265332040002,1.0055376211611744,-0.731785218271579,14.727535593042406
